realname,studentID,username,password_pre,password,sex,age,teacherID,health_workerID
Naima Good,227,fpy520,pym,dae26366d93a58a02d038bf67c200b81,F,19,522,658
Arwa Alexander,335,psb176,sbc,3d927d3016318cd45bb4d37436af7d77,M,18,575,666
Sameer Myers,162,ijm974,jmz,0adef86364d3c2be6c1423b7cd5f71f9,M,21,551,654
Arwel Partridge,362,nna612,nao,1f6ccd569c23a749f8686fd07ebc5b9e,M,20,522,613
Zahid Oconnor,308,ijx118,jxa,f1a12867bcad7a1c39e99b172fec8457,F,20,551,666
Ashley Winter,194,sky747,kys,6fadce5626514b91a80a44088b08783e,M,24,509,651
Dolcie York,433,zaj644,ajp,cb3f0fbd50011f9de622488344ddcf48,M,25,551,657
Riley-Jay Marin,370,rnk373,nkh,3fa6141904ac7c7e3688bbaa2e996f77,M,20,556,666
Gia Mccray,380,wlo156,lob,4fa9c98bb747b001d12db4caebc3436c,F,22,568,651
Braxton Greig,129,mcd372,cdh,9945d031c175effe326b8fd60ec4703d,F,23,522,642
Jeevan Harding,477,sok450,okk,5e2850dffd4388ec2bb354c26b5fb82b,F,24,551,608
Frank Browning,415,rpb521,pbm,7a1795a8e34abff12b68827e7cf33594,F,24,568,651
Scarlet Draper,311,mbc891,bcx,ecd539fb14e770bbc9bdd58b60f551f8,F,24,568,613
Angelika Sandoval,266,bbs689,bsr,c28efa7b0d18144909f69afffecb7126,M,24,584,654
Colton Contreras,187,hey752,eyt,b8860788a9f80c0e2a051a56760bc5dd,F,20,556,613
Meg Huang,349,olb906,lbx,575b28a56c0d0ed2326d834f99a539ad,F,25,599,654
Claudia Lopez,465,fer663,erq,b6e6966438bd427ff8256b5db25a3af5,F,20,522,642
Tim Obrien,473,zzb863,zbw,8de19eae602b5c08aa05e562c2281743,M,23,556,608
Md Vang,392,hic353,ich,903aee0087be510c4b723fd4d8d36ce6,M,19,568,642
Ruben Strong,280,hpf214,pfd,7c84de6e208233523f3065899dbab799,F,19,522,613
Saara Alston,118,jlw980,lwd,b92111e44ff27be2f06b17172b766e1f,F,18,509,613
Rania Duggan,428,bhg162,hgb,4c16ae2528047ef4d73ad997f1ae3d1c,M,23,501,666
Bernice Crane,371,aic267,ice,84170b2779fe3b3a7916dc1cc2dd53d8,F,18,599,666
Levison Wiley,436,gkn334,kng,e3538a6f7945e80cd9ee6e59c041e58a,F,21,556,654
Talhah Lee,356,fzg553,zgn,6e778e196cead819a5530b3296ef0c81,F,19,551,654
Sydney Mills,271,tiy215,iyd,8602e5dc8dbc578bc8b88a5755438900,M,20,568,602
Beck Tate,209,wqs344,qsh,812fe975eb9facd0936d2cfd84d98b70,F,22,512,613
Patryk Irwin,429,vhm263,hme,249098fb0b89679edf6119ee242dc0f5,F,22,501,657
Rocky Armstrong,423,yuk278,ukf,71698c514915d7f1d72b6536cb18e032,M,18,568,657
Jimmy Fisher,224,gpx838,pxw,c917b3c7c48cd72aff245533bd9e2ed1,F,20,584,642
Layla-Rose Gilbert,479,kbd573,bdo,10910e04f3213d4b992cfb8bac42714d,M,19,584,666
Clay Duke,253,onr524,nrm,6c8b342bbf8cfe31da07d827ff70824c,F,22,556,654
Levi Ware,238,lma657,maq,cf90a46257a7dc5a2f231c95914276ca,M,25,575,642
Aneesha Pitt,124,xmn485,mnl,79c7f0e42b238dc29895990d6639ab2e,M,22,522,666
Havin Marriott,256,ajn551,jnn,00bc78555c7804d5a27ba3771f7367d7,M,22,575,658
Bethan English,383,jsy493,syl,0562b450642444a0015a889cae9f8f77,F,22,556,651
Paisley Mcfarlane,438,wds890,dsx,a80e932011a800f4c30e50f43da9c87a,M,20,551,651
Amaan Griffith,206,iuk184,ukc,e59c865fa38e74e08c4be5fcfc8fe2d9,F,21,568,602
Halima Cope,169,cqf403,qfj,f2254ea5651cdaa2eb92aa6f6bfc82b3,M,18,522,666
Caitlan Rees,386,euu406,uuj,36834b14601c865169db09cda9048220,F,19,551,630
Haidar Moon,437,pqt306,qtg,f89435af03a84359d2eb5b14ba868e47,M,22,509,666
Aiden Dominguez,294,tiw915,iwy,8ac32920392272e2a36cfc7e64c8602b,M,25,551,613
Cai Roman,405,kqt814,qtv,2bf85d83cd1d96d773345f8e3247d7f6,M,24,568,658
Lukas Robins,218,xys474,ysl,365ac5b91996530d0f25452eb67ee97d,F,25,556,651
Krista Haas,402,qog304,ogg,1e44a9824a29f9e5a5089640847109cd,F,20,522,654
Gabriella Morrison,325,wjt150,jtb,adefe71ce6e0e2efff0c950cb31119ca,F,19,551,651
Maisy Knights,464,yly506,lym,a7d68c45a20aa1747a702a0943d28e8b,F,23,584,608
Fatima Larson,378,twq610,wqp,0c2de4610e787d3924799cf9f94197ae,F,18,599,666
Faye Melia,306,kqb448,qbk,944cb529effb26d2b6c913b5717cb7dd,M,25,556,666
Ruari Rubio,387,nuy919,uyz,a09b55a7d67f1145dc36819f107aee85,M,22,512,613
Alessandro Mason,485,qsa742,sat,3fffe0ab8486530d4a8e2955ef412abd,M,23,512,613
Mylee Hickman,432,ypm374,pmi,ce4fdbd0008f8a011e06fe78785df366,F,22,568,613
Donnell Bautista,292,kaq873,aqx,981e8265762f1defa01fcbdddd80dd4f,F,18,599,602
Shaunie Osborn,393,biw643,iwq,4936155ef4cb8efd0e768ce339f0d5c4,M,24,501,651
Eryk Jensen,263,pzj914,zjz,39e7973e95c05d9b144cb777a9823427,M,19,512,657
Sebastien Palmer,140,boa234,oae,d93ca919e5ed6e051567f9bc778a3e4f,F,22,509,651
Blessing Tanner,159,moj656,ojr,92981261140d66717b568a9959f73245,M,22,501,657
Celeste Grainger,255,alh910,lhy,ffbaa5ae427b828594a3e2810895f50e,M,25,509,602
Shayna Harvey,152,kcx112,cxa,2b4a844592cecb8989b26b50db774fc1,M,19,599,654
Elleanor Kenny,134,vup793,upv,1d9a946ada95d61e5fd86dceddc1cb31,F,25,599,657
Veronica Cain,307,caf302,afg,f86e5826fca82e8e5fce05a9de815a07,F,20,501,613
Lillie-Rose Amos,251,zmc426,mck,a8f6c75e5db1698574408ef99d81f6f8,M,21,575,608
Massimo Hough,338,het617,etq,2bc9166827bf1be31334a35bc952a4dc,F,20,556,658
Alexandros Busby,261,hgy432,gyk,8fdb9311b8c86c69d0d02ea01230097e,F,25,501,651
Samuel Singleton,285,gxk831,xkw,56a2b81ca2a64fa3ced04fe22acdfb83,F,18,501,608
Layan Plummer,132,bgy442,gyk,8fdb9311b8c86c69d0d02ea01230097e,M,25,575,666
Jeanne Mcfadden,304,kbl418,blj,6e1dc3838d133c1d0765779fdc4bbb6b,M,20,556,608
Coby Ahmad,219,rhf212,hfd,54281237aa3da9d198e93c57dc1a37f7,F,19,522,657
Emanuel Avalos,499,aak343,akh,1933d36fa3c69f93d732a6c50193a29e,F,25,599,608
Tamia Charlton,156,dhc472,hcl,f3cd6a2fec19567aca916050e01a7d2d,F,21,522,608
Nicola Hopper,130,dwr390,wrj,2bad0530e57e18371396873b50ed0595,M,23,551,602
Matylda Mcclain,458,qre683,res,1a5dd30ddc0aad8e52e576127e573dee,M,20,575,657
Tyla Keeling,421,blt604,ltp,8e4f5e0852c8bd49d1dbcd9818bc41dc,M,20,551,666
Willem Turner,394,fbb142,bbb,384ceafe2c63ef1d57df2f3126515189,F,21,522,651
Bobbi Strickland,478,nqo562,qoo,1449a2393e9ea2a9c82e6bd624a310e7,M,20,556,654
Devan Hays,455,tlh227,lhe,218c73efad7a72df64751ab5849397f7,M,23,501,657
Linda Sanford,217,tgl948,gli,2fac4e87f21879142c8bc913ea2b6b29,M,23,551,642
Zayden Harmon,440,eza942,zaz,ad0b9e66c65cfb863623ab7fba9e04a8,F,22,575,602
Amanda Conner,185,qcv125,cva,a9dff203ddf60e5ba06c8eb0cca04c0d,M,21,512,608
Franklin Faulkner,154,sun971,unf,41a91a1642f18f042cd5fe7c8dafc9e6,F,18,575,654
Storm Roberts,295,ddp534,dpn,7eefd984f3a16dd2070ea2d9a548a430,M,19,501,642
Laaibah Finch,364,iwt989,wtl,ff5bd3bcc610d7cfa34741292e1d77c4,M,24,599,630
Aairah Hunter,274,rdr434,drk,4321bddf2f17faccc12624146eda6551,M,23,599,657
Aneurin Whitworth,301,vko896,koz,bd4e83b9bbedba772fbd777943d9f366,M,20,512,658
Nahla Lane,454,mch609,chq,968ff26f76ff324aeb7067a2bdae7eab,F,19,509,651
Lacie-Mae Hall,180,gjv774,jvv,00028cdfabd3ef34176e4ba2adc62c8f,F,18,501,608
Nick Needham,324,trw145,rwb,037e469867d959ad0c55457932a864b8,M,20,575,654
Rees Rudd,240,qtw587,twp,75b8dd935d08515b55eda419f21d6463,F,22,584,630
Marsha Cassidy,244,suz447,uzl,8e37bdd07a87f59f7a5003aa5af761c8,M,25,599,630
Stefania Shelton,404,ipl781,plv,d7ebb8d4cb1266f014c9df828ca8ebd0,M,18,575,651
Tyrese Pena,283,fnq877,nqy,020bb415671ed0d947cb4a4e099eb0a1,M,20,556,666
Tabatha Dodd,466,qww681,wws,a9136bbf95bb16f0df1c79329b2a2e61,M,22,584,654
Paddy Fry,459,cqe540,qeo,7cb1e6caaf90aeaa1d6fe8aa7e7fb980,M,22,556,666
Nettie Bannister,471,lpj624,pjq,07fb56904a160bb303f6a8146546ab99,M,19,501,651
Jaylen Mcintosh,346,qtu410,tuk,db51c9ac043de59c83a3fdca9e54bcbd,M,18,584,630
Lucille Chase,345,okk116,kka,f8111ad8f5cec55b697d1e986e25e84e,F,19,551,642
Gina Patel,342,izj872,zjy,4a3443b3ac992c097ef25460158661e7,M,23,568,657
Laiba Pickett,189,uku149,kub,844ea38236f574dbc8a2bd3bf81c30db,M,20,509,608
Asif Ward,111,hzq947,zqz,4b1fad3b03643ccecd1b7403052e50ec,F,22,584,602
Anayah Sherman,495,hvl413,vlk,6a79469f2de0dfbde8d6487bba845aeb,F,25,512,613
Drake Sellers,488,ios446,osl,1d080dfd77896e0b87acc21d427cec6b,M,24,599,657
Aiza Lester,487,zdc143,dcb,3d54f6706833a8700c45b188cbff34af,M,22,501,666
Avani Murillo,361,lys812,ysx,4957299b8c3dad54e238fa1f8c36d4b7,M,20,568,651
Kali Powell,199,fen310,eng,77b837d2dd25fb3f07e0e31937be429c,M,25,556,666
Lily-Mai Hall,422,jve588,vep,659be217ef591e3caf58312dc1ad2b4a,M,22,584,651
Sahara Lancaster,178,eac247,ace,727304f291ae1dc8f670795f2519374f,M,24,551,657
Bella Ali,446,xqc479,qcm,ed062f8e3c5e28dde81198c78f349260,M,25,509,651
Roxy Lees,376,ngn189,gnc,6ee4573ea418a52a82a41c8686284ca2,F,22,501,613
Isobella Galindo,172,hok519,okn,59fcc766e6c2c68515168459f0190f91,F,22,584,657
Jareth Case,288,tzu567,zup,9c50038487279e715afa7c1e56e29072,M,24,599,630
Raiden Hahn,434,wfw459,fwl,249a3e6c076ec3570cfc4d9ac01890f9,F,21,501,666
Tasmin Magana,282,asp826,spx,85540c2460e25b8b57cb23c2396bc35b,F,18,509,657
Seb Summers,197,ivq159,vqb,165bf146c090a8e152d6093aa7647031,M,22,512,651
Nakita Britt,287,exx962,xxc,c81bc8b329761514fa3a4bc5b42a6f92,M,25,568,642
Rida Findlay,181,dzx387,zxj,ff7555663d6fa50cde22c90dc1841bfc,M,25,584,608
Persephone Wang,123,xre811,rex,a270755fc5db19b12fbeab8f0cf3f6c3,M,18,599,602
Paloma Moran,119,xoq984,oqr,85123584e4cc6239a8b4d5ac41a18e1b,F,23,501,651
Jannah Gale,435,pxr748,xrv,5ca944df12b7fa39de7b91547e1604e4,F,18,512,658
Sahra Donnelly,133,rld581,ldp,863c0888c24daa11f1ee15eac4b9be0a,M,23,584,608
Mikail Pace,107,kto930,tom,f065da5757330fcb853ed202f6b0afa2,M,24,584,654
Brody Sheppard,165,ykd252,kdf,2aefd8750be0fb2ccd80dce7c98d92ce,M,25,568,658
Lilian Phelps,109,nrk870,rkz,cd09aa598f85f70a1b82f36ccda7252d,M,21,551,657
Kourtney Guerrero,168,byx764,yxw,c23b237286ac6311f7bfc30a80cf73a1,F,19,584,613
Bethaney Hoffman,254,oqo218,qod,3b6dc7baa1547938de52597312d7157a,M,22,575,654
Hajra Hansen,166,uru807,rux,38125e142d1b54c714f8393f8156f16f,M,24,551,608
Brayden Kelley,314,zmk395,mkj,280b7b38359d5e4975dc12051b798993,M,18,509,608
Andrei Mullins,322,qvu532,vuo,c40d7cccfe0e83fb665bf46379b100b0,M,20,512,608
Wil Palacios,128,izq805,zqx,11a8fd72a71395bf7a914bcd7066058b,M,21,556,666
Shamas Shea,182,qyn711,ynu,1aca14fcbe69314d4e0e5d7cea06f108,M,22,584,657
Javan Alexander,497,zex531,exo,231af5de0b2fa86bf6d817f47952a25f,M,23,551,630
Connie Garner,126,tju902,jub,7b895da9863507c2e512247d9201e427,F,22,522,666
Roan Valenzuela,401,jqu692,quu,2ac2cf08f2a5d43612ba810ee14c76ee,F,21,501,657
Jia Wise,221,ypp117,ppa,dcfe25809b8fcb4a41221d520e719bfd,F,23,584,666
Aiyla Mercado,200,tys219,yse,d9d51fcfdde3f4a09a1c3aa8d98a9d28,M,24,599,613
Asiya Preston,316,qfy897,fyy,c8aadd4f56ab811ed9e6969e7093b982,F,18,599,608
Dalton Cross,203,dbe776,bew,076c620c02d7d34faa696ea861c1a82c,M,18,584,651
Anya Barker,233,jqi136,qib,2e6446cbe1a3d81b5bc6d57374e419d7,M,24,551,630
Miya Rayner,299,qnm416,nmk,b34f908705b73272494a5f447e805053,M,25,575,613
Keegan Frame,493,pxa198,xad,e3e3dd3cd6b17b7675c642285a2a8b53,F,21,568,651
Orson Merrill,161,rlb639,lbs,d939a77ec661d624387789d4fd435639,M,21,509,602
Ziva Hayes,237,iwn269,wnf,bae59e913359da90abb2a91d09469096,F,23,551,608
Jayne Mohamed,231,iwh185,whc,422bcf890765b555bdd41709c475609f,M,24,509,613
Eliot Howells,105,xrm322,rmh,8b7258011c9baffda61387e1c52d2da8,M,20,575,613
Maud Sierra,202,sun550,unp,7f46f8407cafc274d96b1a74bd400882,F,18,512,608
Ayaana Pearce,444,zgd255,gdf,baac21dd9ff291881360805153b7863e,F,22,575,642
Nela Todd,332,mby254,byf,57d79a96c1766f9ce6e7760db36a248c,F,21,556,642
Sumaiya Hardin,211,aoa546,oap,3344cc09e7cc6d223e3f52ecb51db01c,M,18,501,608
Alina Davey,284,jhz857,hzh,4a594c8ae719902b2409ce6d2764b8dc,F,18,556,658
Burhan Wu,400,aju273,jug,bdba4a6c177f9cd5eea82fe860181ea9,M,19,584,651
Elisabeth Doyle,462,bco635,cos,d97c8550dde1979e17a20f00afb0f93e,F,22,512,657
Stevie Dillon,498,evp364,vpj,5604e9c8ad91a68796983c51148fd8ad,F,21,522,658
Ayomide Lyon,430,ygo443,gol,8f2fd5671a63c84c8715a4b225720d63,M,20,509,602
Mehak Rivers,313,ugm283,gmg,432560814d6fa582dc1c959c770cf2ae,M,24,556,602
Ameena Meyer,223,pcd537,cdp,b62dbdda4f1c04ca50637df5d42fa50a,M,25,568,658
Jennifer Callahan,318,hlt808,lty,be522bee3126a160cecd884262d92238,F,25,568,613
Connagh Benitez,296,trw428,rwl,466a8864f7d13ee5f6af43be2d86a3a5,F,18,522,630
Annabel Grey,489,ewn698,wnu,ed439229732313bf53b1dc32af05cc10,M,23,599,602
Blessing Brook,486,bgk621,gks,716267a642eedd51dd0004ca7d96b1aa,F,22,568,613
Leonard Laing,208,oqs577,qsq,17af29bb4ac3ebbbf48ca91ba9c0b97b,F,20,599,642
Ali Calhoun,389,jrn674,rnu,339fc7107c1982079aec6448373dfdcc,F,23,509,602
Inaayah Guthrie,205,vct590,ctr,0be11fc08bfe132cc574e12dc92f7485,F,19,568,602
Odin Young,303,fcw174,cwc,f98cd3a552c3f0f92a38224a8facf51c,F,21,509,658
Shona Dickinson,289,yfc706,fcv,32a181a78f8b924fa20666c5fc122262,F,21,551,651
Eduard Bowers,101,ndu409,duk,f61e8b69c02fd8d7557e16b75b1cc59c,F,20,556,651
April Blake,350,xrc886,rcd,9efa25f1302ccd6d1a2c08671b23e3e4,M,24,512,608
Simon Duarte,445,fma791,may,6337bfd3ad8d7c5b95bc0546947a2747,M,24,584,613
Mariana Dunlap,309,kjp155,jpb,c4350375c8a65960445727b92364d18c,F,25,556,608
Nevaeh Tierney,151,dyd992,ydj,a14670684bfbc3f9d8b637a6a11c0a43,F,18,599,642
Kaleb Allison,102,ecb347,cbi,49bfe80d880f0d06982cf2b04a7b1edf,M,22,556,642
Martin Power,407,nov202,ovd,e4bcaba4ce9c1d435b61f6b633ecc1be,F,21,501,651
Abdullah Prentice,160,iwl901,wlp,ec0c2fc367a8a23947f87941974bc249,F,22,522,630
Jordon Herbert,167,znk746,nkx,8ab4acbefeaf8ffa0a2deb492e82bae1,F,25,501,613
Cairon Farrell,241,trs508,rso,baadfc341457d718107dcc25c8b8c0d3,F,19,556,602
Ronny Phan,264,cap734,apw,f8fd7e8bc28ec3cc07913b47b734095f,F,19,568,654
Damian Sanchez,103,ict608,cts,424aba055208c15ab186d503d8e49682,M,21,509,630
Lexi-May Potts,232,dsr230,sre,125983ee22298c13d7a0d34aac268a83,M,23,501,657
Kristina Middleton,259,nhb488,hbn,247699e7aee19680f396283f17be2d53,F,25,512,658
Kaan Cleveland,290,utr510,tro,202ae88e2aa967e5cd577b7959e5202f,F,20,512,666
Wade Singleton,476,ktw165,twc,d2c5b8cc8a6041aa49c294ad6c977c71,F,21,584,654
Zubair Zavala,474,qej854,ejf,2d03a64b3d6e59451c57bfed6efb7a7c,M,25,568,602
Mariyam Crowther,490,tzj696,zjv,17fb682ac63ddc96a07b8975ef1dfbe8,F,23,501,651
Alya Sullivan,136,aph266,phg,af76b632f67aedff90481a3c49b8fe9a,M,25,556,657
Fraser Blackwell,321,mrt907,rtp,f1b0894d83055b10a43c7642d1ce33e2,M,22,556,608
Benas Blair,317,hea129,eab,87bdecd308c673befc3c3cfd4d8f881b,M,22,584,613
Mimi Callaghan,323,ubs868,bsv,0ac468dc04317827e0a57133e87e8008,M,23,512,658
Gavin Massey,463,oes773,esy,1843c734762105cc1296c919edfa49f4,F,19,501,658
Kyle Millar,354,hty909,tyy,5d5fba00294df1cf93bdd3ba1c7e0207,M,22,509,613
Hattie Spencer,431,xof830,ofd,2626bc2e4d17cf8bd51d609c2b971195,F,25,575,658
Rueben Mccarty,344,qnq342,nqi,915d45734d54faa996493c1e993559af,F,24,512,654
Lily-Ann Whitaker,117,hzu638,zut,15539825bb6913bf8c79a92f98d47fcd,F,25,551,666
Abigale Wolf,300,jcp444,cpm,ae8efad1f5ae2a4fbbeb5c6f528050cb,M,18,509,630
Johnathon Hogg,310,dow169,owc,bc1367d6f1fd258a787ba3b0b8034271,F,21,501,608
Makenzie Forster,247,wxr965,xrq,20da1427c9be5715f7620d22099139e9,F,23,551,613
Ignacy Avalos,328,gci661,ciu,271ffad9e4378ad393ce5d8f6b9a11e7,M,22,575,608
Keelan Mackenzie,305,hld124,lda,3acacf212b14c268378fac81d0f72a2a,M,21,501,608
Clyde Salinas,192,sib114,iba,fb54691ede79042726f4dd742c91deb2,M,24,501,642
Charly Goff,327,tgg848,ggm,2d2e649508fc2e9823f425226ea5c78b,M,24,568,613
Arman Small,480,rva557,vaq,7ae8a97464a2ba0d7cedd007384473b2,F,18,501,651
Graeme Pena,207,bcn556,cnq,fe94a67b517bdb24a2a23601990559e1,M,23,575,654
Mariyah Crosby,110,ywv571,wvr,a2e7420de237326bf90fd82c4d393f94,F,20,512,608
